<application>
  <component name="BlazeWizardUserSettings">
    <settings>
      <entry key="blaze-wizard.last-imported-bazel-workspace" value="$USER_HOME$/gdrive/jackxbradshaw/main/monorepo::/Users/jack/gdrive/jackxbradshaw/monorepo::/Users/jack/gdrive/jack/monorepo" />
      <entry key="import-from-workspace.last-workspace-path" value="all.bazelproject" />
      <entry key="select-project-view.selected-option" value="import-from-workspace" />
      <entry key="select-workspace.selected-option" value="use-existing-bazel-workspace" />
    </settings>
  </component>
</application>