<application>
  <component name="FeatureSuggesterSettings">
    <option name="workingDays">
      <list>
        <option value="1664136298312" />
        <option value="1664649091844" />
        <option value="1664761922329" />
        <option value="1664851189329" />
        <option value="1664939015536" />
        <option value="1665202709681" />
        <option value="1665260831894" />
        <option value="1665371897127" />
        <option value="1665459330293" />
        <option value="1666567984606" />
        <option value="1666926311839" />
        <option value="1667023256601" />
        <option value="1667085426980" />
        <option value="1667168747605" />
        <option value="1667263947138" />
        <option value="1667500780890" />
        <option value="1667799476133" />
        <option value="1668406279013" />
        <option value="1668457207816" />
        <option value="1669928418467" />
        <option value="1673837339334" />
        <option value="1673910881489" />
        <option value="1674281799741" />
        <option value="1674423447916" />
        <option value="1674713795653" />
        <option value="1674720006329" />
        <option value="1674976751055" />
        <option value="1674979211399" />
        <option value="1675128078137" />
        <option value="1675632506985" />
      </list>
    </option>
  </component>
</application>